Top pages,Clicks,Impressions,CTR,Position
https://airingatlas.com/watch-order/127230-chainsaw-man/,0,222,0%,20.7
https://airingatlas.com/watch-order/113415-jujutsu-kaisen/,0,120,0%,20.7
https://airingatlas.com/finished-anime/,0,56,0%,20.7
https://airingatlas.com/,1,46,2.17%,20.7
https://airingatlas.com/next-episode/the-most-heretical-last-boss-queen/,0,45,0%,20.7
https://airingatlas.com/discover/,0,26,0%,20.7
https://airingatlas.com/anime-like/a-silent-voice/,0,22,0%,20.7
https://airingatlas.com/anime-like/jujutsu-kaisen-season-3/,0,17,0%,20.7
https://airingatlas.com/next-episode/,0,16,0%,20.7
https://airingatlas.com/genres/action/,0,16,0%,20.7
